trial,testing,parameters,initial_deadline,final_deadline,net_reward,actions,success
1,False,"{'a': 0.9, 'e': 0.9975}",20,0,-99.7354960407047,"{0: 14, 1: 1, 2: 3, 3: 0, 4: 2}",0
2,False,"{'a': 0.9, 'e': 0.995}",20,0,-82.90292458553604,"{0: 16, 1: 0, 2: 2, 3: 0, 4: 2}",0
3,False,"{'a': 0.9, 'e': 0.9925}",25,17,2.20905924093926,"{0: 7, 1: 0, 2: 1, 3: 0, 4: 0}",1
4,False,"{'a': 0.9, 'e': 0.99}",25,0,1.083055592820235,"{0: 23, 1: 0, 2: 1, 3: 1, 4: 0}",0
5,False,"{'a': 0.9, 'e': 0.9875}",20,0,-17.569271212618844,"{0: 16, 1: 3, 2: 0, 3: 1, 4: 0}",0
6,False,"{'a': 0.9, 'e': 0.985}",35,17,-98.0148593441003,"{0: 13, 1: 0, 2: 2, 3: 1, 4: 2}",1
7,False,"{'a': 0.9, 'e': 0.9825}",35,7,-19.59514814037316,"{0: 26, 1: 0, 2: 0, 3: 1, 4: 1}",1
8,False,"{'a': 0.9, 'e': 0.98}",20,1,-48.95923965949723,"{0: 15, 1: 0, 2: 3, 3: 0, 4: 1}",1
9,False,"{'a': 0.9, 'e': 0.9775}",20,0,-35.338617742054836,"{0: 17, 1: 0, 2: 2, 3: 0, 4: 1}",0
10,False,"{'a': 0.9, 'e': 0.975}",25,19,7.454904301429501,"{0: 6, 1: 0, 2: 0, 3: 0, 4: 0}",1
11,False,"{'a': 0.9, 'e': 0.9725}",20,0,21.483568529728398,"{0: 19, 1: 1, 2: 0, 3: 0, 4: 0}",0
12,False,"{'a': 0.9, 'e': 0.97}",25,8,-12.436197101534688,"{0: 16, 1: 0, 2: 0, 3: 0, 4: 1}",1
13,False,"{'a': 0.9, 'e': 0.9675}",20,0,-21.203558944970368,"{0: 18, 1: 0, 2: 1, 3: 0, 4: 1}",0
14,False,"{'a': 0.9, 'e': 0.965}",20,0,29.260125636614024,"{0: 20, 1: 0, 2: 0, 3: 0, 4: 0}",0
15,False,"{'a': 0.9, 'e': 0.9625}",20,6,1.1542598663969998,"{0: 12, 1: 0, 2: 2, 3: 0, 4: 0}",1
16,False,"{'a': 0.9, 'e': 0.96}",20,12,16.50367805403174,"{0: 8, 1: 0, 2: 0, 3: 0, 4: 0}",1
17,False,"{'a': 0.9, 'e': 0.9575}",30,10,35.403771569354895,"{0: 20, 1: 0, 2: 0, 3: 0, 4: 0}",1
18,False,"{'a': 0.9, 'e': 0.955}",25,14,-1.703048510936053,"{0: 9, 1: 0, 2: 2, 3: 0, 4: 0}",1
19,False,"{'a': 0.9, 'e': 0.9525}",20,5,16.402653206442743,"{0: 14, 1: 1, 2: 0, 3: 0, 4: 0}",1
20,False,"{'a': 0.9, 'e': 0.95}",25,0,-83.06276364629369,"{0: 20, 1: 0, 2: 1, 3: 3, 4: 1}",0
21,False,"{'a': 0.9, 'e': 0.9475}",20,10,15.868472813937936,"{0: 10, 1: 0, 2: 0, 3: 0, 4: 0}",1
22,False,"{'a': 0.9, 'e': 0.945}",25,0,36.25676965550915,"{0: 25, 1: 0, 2: 0, 3: 0, 4: 0}",0
23,False,"{'a': 0.9, 'e': 0.9425}",25,0,8.378221161138924,"{0: 23, 1: 1, 2: 0, 3: 1, 4: 0}",0
24,False,"{'a': 0.9, 'e': 0.94}",25,0,42.639716347662315,"{0: 25, 1: 0, 2: 0, 3: 0, 4: 0}",0
25,False,"{'a': 0.9, 'e': 0.9375}",20,8,21.251446743691663,"{0: 12, 1: 0, 2: 0, 3: 0, 4: 0}",1
26,False,"{'a': 0.9, 'e': 0.935}",25,3,28.38861786961762,"{0: 21, 1: 1, 2: 0, 3: 0, 4: 0}",1
27,False,"{'a': 0.9, 'e': 0.9325}",25,15,15.06140844964161,"{0: 10, 1: 0, 2: 0, 3: 0, 4: 0}",1
28,False,"{'a': 0.9, 'e': 0.93}",20,0,37.91989884055832,"{0: 20, 1: 0, 2: 0, 3: 0, 4: 0}",0
29,False,"{'a': 0.9, 'e': 0.9275}",30,20,20.082836452157057,"{0: 10, 1: 0, 2: 0, 3: 0, 4: 0}",1
30,False,"{'a': 0.9, 'e': 0.925}",25,10,22.67617765607554,"{0: 15, 1: 0, 2: 0, 3: 0, 4: 0}",1
31,False,"{'a': 0.9, 'e': 0.9225}",25,0,38.255446085759985,"{0: 25, 1: 0, 2: 0, 3: 0, 4: 0}",0
32,False,"{'a': 0.9, 'e': 0.92}",25,0,4.614686672754944,"{0: 23, 1: 0, 2: 1, 3: 1, 4: 0}",0
33,False,"{'a': 0.9, 'e': 0.9175}",20,5,19.60631740825337,"{0: 14, 1: 1, 2: 0, 3: 0, 4: 0}",1
34,False,"{'a': 0.9, 'e': 0.915}",25,3,34.085677269040524,"{0: 22, 1: 0, 2: 0, 3: 0, 4: 0}",1
35,False,"{'a': 0.9, 'e': 0.9125}",20,13,12.844164542323465,"{0: 7, 1: 0, 2: 0, 3: 0, 4: 0}",1
36,False,"{'a': 0.9, 'e': 0.91}",25,10,23.477015247305445,"{0: 14, 1: 1, 2: 0, 3: 0, 4: 0}",1
37,False,"{'a': 0.9, 'e': 0.9075}",20,0,28.852032018300147,"{0: 20, 1: 0, 2: 0, 3: 0, 4: 0}",1
38,False,"{'a': 0.9, 'e': 0.905}",25,12,-57.940236390260246,"{0: 9, 1: 0, 2: 1, 3: 3, 4: 0}",1
39,False,"{'a': 0.9, 'e': 0.9025}",25,11,21.26296368015107,"{0: 14, 1: 0, 2: 0, 3: 0, 4: 0}",1
40,False,"{'a': 0.9, 'e': 0.9}",25,5,17.62647476755148,"{0: 19, 1: 0, 2: 1, 3: 0, 4: 0}",1
41,False,"{'a': 0.9, 'e': 0.8975}",25,8,22.984695212639522,"{0: 16, 1: 1, 2: 0, 3: 0, 4: 0}",1
42,False,"{'a': 0.9, 'e': 0.895}",20,13,11.52270951626442,"{0: 7, 1: 0, 2: 0, 3: 0, 4: 0}",1
43,False,"{'a': 0.9, 'e': 0.8925}",25,17,14.480154101428468,"{0: 8, 1: 0, 2: 0, 3: 0, 4: 0}",1
44,False,"{'a': 0.9, 'e': 0.89}",25,20,8.75751291121665,"{0: 5, 1: 0, 2: 0, 3: 0, 4: 0}",1
45,False,"{'a': 0.9, 'e': 0.8875}",25,0,29.06768210408697,"{0: 24, 1: 1, 2: 0, 3: 0, 4: 0}",0
46,False,"{'a': 0.9, 'e': 0.885}",20,0,31.275874536009393,"{0: 20, 1: 0, 2: 0, 3: 0, 4: 0}",0
47,False,"{'a': 0.9, 'e': 0.8825}",20,13,12.930786101677912,"{0: 7, 1: 0, 2: 0, 3: 0, 4: 0}",1
48,False,"{'a': 0.9, 'e': 0.88}",20,9,20.549835435583766,"{0: 11, 1: 0, 2: 0, 3: 0, 4: 0}",1
49,False,"{'a': 0.9, 'e': 0.8775}",25,10,22.881693419036434,"{0: 15, 1: 0, 2: 0, 3: 0, 4: 0}",1
50,False,"{'a': 0.9, 'e': 0.875}",20,11,16.461435564107912,"{0: 9, 1: 0, 2: 0, 3: 0, 4: 0}",1
51,False,"{'a': 0.9, 'e': 0.8725}",25,10,30.085198487506688,"{0: 15, 1: 0, 2: 0, 3: 0, 4: 0}",1
52,False,"{'a': 0.9, 'e': 0.87}",20,0,18.647794172367327,"{0: 19, 1: 1, 2: 0, 3: 0, 4: 0}",0
53,False,"{'a': 0.9, 'e': 0.8675}",25,20,8.72384306014334,"{0: 5, 1: 0, 2: 0, 3: 0, 4: 0}",1
54,False,"{'a': 0.9, 'e': 0.865}",35,2,54.097702127156225,"{0: 33, 1: 0, 2: 0, 3: 0, 4: 0}",1
55,False,"{'a': 0.9, 'e': 0.8625}",20,7,24.60406904194892,"{0: 13, 1: 0, 2: 0, 3: 0, 4: 0}",1
56,False,"{'a': 0.9, 'e': 0.86}",20,0,23.641488334986526,"{0: 20, 1: 0, 2: 0, 3: 0, 4: 0}",0
57,False,"{'a': 0.9, 'e': 0.8575}",25,0,37.357175837648896,"{0: 25, 1: 0, 2: 0, 3: 0, 4: 0}",0
58,False,"{'a': 0.9, 'e': 0.855}",25,5,30.797412934756235,"{0: 20, 1: 0, 2: 0, 3: 0, 4: 0}",1
59,False,"{'a': 0.9, 'e': 0.8525}",20,0,33.366698213012135,"{0: 20, 1: 0, 2: 0, 3: 0, 4: 0}",1
60,False,"{'a': 0.9, 'e': 0.85}",35,0,39.82683324254848,"{0: 34, 1: 0, 2: 1, 3: 0, 4: 0}",0
61,False,"{'a': 0.9, 'e': 0.8475}",25,4,38.53598070996687,"{0: 21, 1: 0, 2: 0, 3: 0, 4: 0}",1
62,False,"{'a': 0.9, 'e': 0.845}",25,3,36.10496459562436,"{0: 22, 1: 0, 2: 0, 3: 0, 4: 0}",1
63,False,"{'a': 0.9, 'e': 0.8425}",20,0,33.75272773196853,"{0: 20, 1: 0, 2: 0, 3: 0, 4: 0}",0
64,False,"{'a': 0.9, 'e': 0.84}",20,6,24.29895607732922,"{0: 14, 1: 0, 2: 0, 3: 0, 4: 0}",1
65,False,"{'a': 0.9, 'e': 0.8375}",25,9,15.035429401664405,"{0: 15, 1: 0, 2: 1, 3: 0, 4: 0}",1
66,False,"{'a': 0.9, 'e': 0.835}",25,14,21.361546928888313,"{0: 11, 1: 0, 2: 0, 3: 0, 4: 0}",1
67,False,"{'a': 0.9, 'e': 0.8325}",30,15,23.42970687575595,"{0: 15, 1: 0, 2: 0, 3: 0, 4: 0}",1
68,False,"{'a': 0.9, 'e': 0.83}",25,0,41.59158007570925,"{0: 25, 1: 0, 2: 0, 3: 0, 4: 0}",0
69,False,"{'a': 0.9, 'e': 0.8275}",25,13,22.508175590376343,"{0: 12, 1: 0, 2: 0, 3: 0, 4: 0}",1
70,False,"{'a': 0.9, 'e': 0.825}",35,22,24.477990910941696,"{0: 13, 1: 0, 2: 0, 3: 0, 4: 0}",1
71,False,"{'a': 0.9, 'e': 0.8225}",20,3,-8.311182947521143,"{0: 16, 1: 0, 2: 0, 3: 0, 4: 1}",1
72,False,"{'a': 0.9, 'e': 0.82}",30,16,4.194462990992976,"{0: 13, 1: 0, 2: 0, 3: 1, 4: 0}",1
73,False,"{'a': 0.9, 'e': 0.8175}",35,21,31.426302577555997,"{0: 14, 1: 0, 2: 0, 3: 0, 4: 0}",1
74,False,"{'a': 0.9, 'e': 0.815}",20,9,23.26831050087563,"{0: 11, 1: 0, 2: 0, 3: 0, 4: 0}",1
75,False,"{'a': 0.9, 'e': 0.8125}",20,0,31.363286851884716,"{0: 20, 1: 0, 2: 0, 3: 0, 4: 0}",0
76,False,"{'a': 0.9, 'e': 0.81}",30,7,34.496547478214886,"{0: 23, 1: 0, 2: 0, 3: 0, 4: 0}",1
77,False,"{'a': 0.9, 'e': 0.8075}",20,5,23.646643628221142,"{0: 15, 1: 0, 2: 0, 3: 0, 4: 0}",1
78,False,"{'a': 0.9, 'e': 0.805}",20,6,23.93522938591524,"{0: 14, 1: 0, 2: 0, 3: 0, 4: 0}",1
79,False,"{'a': 0.9, 'e': 0.8025}",30,14,27.494569840240537,"{0: 16, 1: 0, 2: 0, 3: 0, 4: 0}",1
80,False,"{'a': 0.9, 'e': 0.8}",20,14,8.46602925707935,"{0: 6, 1: 0, 2: 0, 3: 0, 4: 0}",1
81,False,"{'a': 0.9, 'e': 0.7975}",30,2,28.828664853796568,"{0: 26, 1: 0, 2: 2, 3: 0, 4: 0}",1
82,False,"{'a': 0.9, 'e': 0.795}",30,21,13.605593146271836,"{0: 9, 1: 0, 2: 0, 3: 0, 4: 0}",1
83,False,"{'a': 0.9, 'e': 0.7925}",20,10,17.2504640016333,"{0: 10, 1: 0, 2: 0, 3: 0, 4: 0}",1
84,False,"{'a': 0.9, 'e': 0.79}",20,12,12.86032859745999,"{0: 8, 1: 0, 2: 0, 3: 0, 4: 0}",1
85,False,"{'a': 0.9, 'e': 0.7875}",20,12,15.473684349799727,"{0: 8, 1: 0, 2: 0, 3: 0, 4: 0}",1
86,False,"{'a': 0.9, 'e': 0.785}",20,2,29.819672169194945,"{0: 18, 1: 0, 2: 0, 3: 0, 4: 0}",1
87,False,"{'a': 0.9, 'e': 0.7825}",20,0,26.460096093027275,"{0: 20, 1: 0, 2: 0, 3: 0, 4: 0}",0
88,False,"{'a': 0.9, 'e': 0.78}",25,0,45.542165847099426,"{0: 25, 1: 0, 2: 0, 3: 0, 4: 0}",0
89,False,"{'a': 0.9, 'e': 0.7775}",35,25,21.316575331474994,"{0: 10, 1: 0, 2: 0, 3: 0, 4: 0}",1
90,False,"{'a': 0.9, 'e': 0.775}",20,0,27.079744127351464,"{0: 20, 1: 0, 2: 0, 3: 0, 4: 0}",0
91,False,"{'a': 0.9, 'e': 0.7725}",20,4,23.279555645352122,"{0: 16, 1: 0, 2: 0, 3: 0, 4: 0}",1
92,False,"{'a': 0.9, 'e': 0.77}",20,6,23.841038097427628,"{0: 14, 1: 0, 2: 0, 3: 0, 4: 0}",1
93,False,"{'a': 0.9, 'e': 0.7675}",20,8,-20.884375453122946,"{0: 11, 1: 0, 2: 0, 3: 0, 4: 1}",1
94,False,"{'a': 0.9, 'e': 0.765}",20,0,31.438336508456747,"{0: 20, 1: 0, 2: 0, 3: 0, 4: 0}",0
95,False,"{'a': 0.9, 'e': 0.7625}",20,10,19.970811354493947,"{0: 10, 1: 0, 2: 0, 3: 0, 4: 0}",1
96,False,"{'a': 0.9, 'e': 0.76}",30,8,32.00406727196167,"{0: 22, 1: 0, 2: 0, 3: 0, 4: 0}",1
97,False,"{'a': 0.9, 'e': 0.7575}",25,0,26.386032902638032,"{0: 24, 1: 0, 2: 1, 3: 0, 4: 0}",0
98,False,"{'a': 0.9, 'e': 0.755}",20,1,27.835138014350225,"{0: 19, 1: 0, 2: 0, 3: 0, 4: 0}",1
99,False,"{'a': 0.9, 'e': 0.7525}",25,14,22.16752420780526,"{0: 11, 1: 0, 2: 0, 3: 0, 4: 0}",1
100,False,"{'a': 0.9, 'e': 0.75}",20,10,19.374110341486922,"{0: 10, 1: 0, 2: 0, 3: 0, 4: 0}",1
101,False,"{'a': 0.9, 'e': 0.7475}",30,16,26.450543871049632,"{0: 14, 1: 0, 2: 0, 3: 0, 4: 0}",1
102,False,"{'a': 0.9, 'e': 0.745}",20,10,18.701346627990873,"{0: 10, 1: 0, 2: 0, 3: 0, 4: 0}",1
103,False,"{'a': 0.9, 'e': 0.7425}",25,7,30.906301733281673,"{0: 18, 1: 0, 2: 0, 3: 0, 4: 0}",1
104,False,"{'a': 0.9, 'e': 0.74}",20,2,32.536464783395715,"{0: 18, 1: 0, 2: 0, 3: 0, 4: 0}",1
105,False,"{'a': 0.9, 'e': 0.7375}",35,18,33.375745819808905,"{0: 17, 1: 0, 2: 0, 3: 0, 4: 0}",1
106,False,"{'a': 0.9, 'e': 0.735}",30,10,32.84299821005904,"{0: 20, 1: 0, 2: 0, 3: 0, 4: 0}",1
107,False,"{'a': 0.9, 'e': 0.7325}",25,3,29.138458686188738,"{0: 22, 1: 0, 2: 0, 3: 0, 4: 0}",1
108,False,"{'a': 0.9, 'e': 0.73}",30,17,23.46222520722976,"{0: 13, 1: 0, 2: 0, 3: 0, 4: 0}",1
109,False,"{'a': 0.9, 'e': 0.7275}",20,0,32.07799034955659,"{0: 20, 1: 0, 2: 0, 3: 0, 4: 0}",0
110,False,"{'a': 0.9, 'e': 0.725}",20,0,27.25248289310597,"{0: 20, 1: 0, 2: 0, 3: 0, 4: 0}",0
111,False,"{'a': 0.9, 'e': 0.7225}",30,7,16.263824313984916,"{0: 22, 1: 0, 2: 0, 3: 1, 4: 0}",1
112,False,"{'a': 0.9, 'e': 0.72}",25,6,25.355279109319415,"{0: 18, 1: 1, 2: 0, 3: 0, 4: 0}",1
113,False,"{'a': 0.9, 'e': 0.7175}",25,13,25.38374829444964,"{0: 12, 1: 0, 2: 0, 3: 0, 4: 0}",1
114,False,"{'a': 0.9, 'e': 0.715}",20,0,30.53172959056545,"{0: 20, 1: 0, 2: 0, 3: 0, 4: 0}",0
115,False,"{'a': 0.9, 'e': 0.7125}",20,11,17.484948182569955,"{0: 9, 1: 0, 2: 0, 3: 0, 4: 0}",1
116,False,"{'a': 0.9, 'e': 0.71}",25,8,29.45215414886714,"{0: 17, 1: 0, 2: 0, 3: 0, 4: 0}",1
117,False,"{'a': 0.9, 'e': 0.7075}",30,16,24.15241828197283,"{0: 14, 1: 0, 2: 0, 3: 0, 4: 0}",1
118,False,"{'a': 0.9, 'e': 0.705}",25,18,10.206226376304603,"{0: 7, 1: 0, 2: 0, 3: 0, 4: 0}",1
119,False,"{'a': 0.9, 'e': 0.7025}",25,12,24.596785934823412,"{0: 13, 1: 0, 2: 0, 3: 0, 4: 0}",1
120,False,"{'a': 0.9, 'e': 0.7}",25,15,20.716107337908895,"{0: 10, 1: 0, 2: 0, 3: 0, 4: 0}",1
121,False,"{'a': 0.9, 'e': 0.6975}",30,20,17.301289321944267,"{0: 10, 1: 0, 2: 0, 3: 0, 4: 0}",1
122,False,"{'a': 0.9, 'e': 0.695}",20,7,15.062967890743085,"{0: 12, 1: 1, 2: 0, 3: 0, 4: 0}",1
123,False,"{'a': 0.9, 'e': 0.6925}",25,10,27.763976236547904,"{0: 15, 1: 0, 2: 0, 3: 0, 4: 0}",1
124,False,"{'a': 0.9, 'e': 0.69}",30,17,22.150167092873478,"{0: 13, 1: 0, 2: 0, 3: 0, 4: 0}",1
125,False,"{'a': 0.9, 'e': 0.6875}",25,11,21.51846562706639,"{0: 14, 1: 0, 2: 0, 3: 0, 4: 0}",1
126,False,"{'a': 0.9, 'e': 0.685}",25,4,37.38580875544103,"{0: 21, 1: 0, 2: 0, 3: 0, 4: 0}",1
127,False,"{'a': 0.9, 'e': 0.6825}",20,10,19.268646058561217,"{0: 10, 1: 0, 2: 0, 3: 0, 4: 0}",1
128,False,"{'a': 0.9, 'e': 0.68}",25,15,17.304833119327533,"{0: 10, 1: 0, 2: 0, 3: 0, 4: 0}",1
129,False,"{'a': 0.9, 'e': 0.6775}",20,2,13.638393436183996,"{0: 17, 1: 0, 2: 1, 3: 0, 4: 0}",1
130,False,"{'a': 0.9, 'e': 0.675}",25,8,29.68126692804635,"{0: 17, 1: 0, 2: 0, 3: 0, 4: 0}",1
131,False,"{'a': 0.9, 'e': 0.6725}",25,1,35.8731706206507,"{0: 24, 1: 0, 2: 0, 3: 0, 4: 0}",1
132,False,"{'a': 0.9, 'e': 0.67}",25,11,28.954414958272444,"{0: 14, 1: 0, 2: 0, 3: 0, 4: 0}",1
133,False,"{'a': 0.9, 'e': 0.6675}",25,11,24.57268582261757,"{0: 14, 1: 0, 2: 0, 3: 0, 4: 0}",1
134,False,"{'a': 0.9, 'e': 0.665}",25,11,25.74736172620489,"{0: 14, 1: 0, 2: 0, 3: 0, 4: 0}",1
135,False,"{'a': 0.9, 'e': 0.6625}",20,2,31.534187609246942,"{0: 18, 1: 0, 2: 0, 3: 0, 4: 0}",1
136,False,"{'a': 0.9, 'e': 0.66}",20,6,27.071432468664796,"{0: 14, 1: 0, 2: 0, 3: 0, 4: 0}",1
137,False,"{'a': 0.9, 'e': 0.6575}",20,10,17.005623679951416,"{0: 10, 1: 0, 2: 0, 3: 0, 4: 0}",1
138,False,"{'a': 0.9, 'e': 0.655}",20,0,31.524893394094427,"{0: 20, 1: 0, 2: 0, 3: 0, 4: 0}",0
139,False,"{'a': 0.9, 'e': 0.6525}",30,16,26.533832473582443,"{0: 14, 1: 0, 2: 0, 3: 0, 4: 0}",1
140,False,"{'a': 0.9, 'e': 0.65}",25,11,27.184134401423623,"{0: 14, 1: 0, 2: 0, 3: 0, 4: 0}",1
141,False,"{'a': 0.9, 'e': 0.6475}",20,0,29.59051499256704,"{0: 20, 1: 0, 2: 0, 3: 0, 4: 0}",0
142,False,"{'a': 0.9, 'e': 0.645}",25,14,19.207188491034543,"{0: 11, 1: 0, 2: 0, 3: 0, 4: 0}",1
143,False,"{'a': 0.9, 'e': 0.6425}",20,3,27.054376050077458,"{0: 17, 1: 0, 2: 0, 3: 0, 4: 0}",1
144,False,"{'a': 0.9, 'e': 0.64}",30,7,30.215862766391783,"{0: 22, 1: 1, 2: 0, 3: 0, 4: 0}",1
145,False,"{'a': 0.9, 'e': 0.6375}",30,8,37.678736970263074,"{0: 22, 1: 0, 2: 0, 3: 0, 4: 0}",1
146,False,"{'a': 0.9, 'e': 0.635}",20,5,22.92219228432566,"{0: 15, 1: 0, 2: 0, 3: 0, 4: 0}",1
147,False,"{'a': 0.9, 'e': 0.6325}",30,16,24.36806987920996,"{0: 14, 1: 0, 2: 0, 3: 0, 4: 0}",1
148,False,"{'a': 0.9, 'e': 0.63}",20,8,22.56634194198431,"{0: 12, 1: 0, 2: 0, 3: 0, 4: 0}",1
149,False,"{'a': 0.9, 'e': 0.6275}",20,9,20.172580667887566,"{0: 11, 1: 0, 2: 0, 3: 0, 4: 0}",1
150,False,"{'a': 0.9, 'e': 0.625}",20,2,24.400685968992754,"{0: 18, 1: 0, 2: 0, 3: 0, 4: 0}",1
151,False,"{'a': 0.9, 'e': 0.6225}",25,2,37.92033692618311,"{0: 23, 1: 0, 2: 0, 3: 0, 4: 0}",1
152,False,"{'a': 0.9, 'e': 0.62}",20,0,29.5040590367376,"{0: 20, 1: 0, 2: 0, 3: 0, 4: 0}",0
153,False,"{'a': 0.9, 'e': 0.6175}",25,8,28.869099648805488,"{0: 17, 1: 0, 2: 0, 3: 0, 4: 0}",1
154,False,"{'a': 0.9, 'e': 0.615}",25,9,23.03251083879855,"{0: 16, 1: 0, 2: 0, 3: 0, 4: 0}",1
155,False,"{'a': 0.9, 'e': 0.6125}",20,13,12.616003440876357,"{0: 7, 1: 0, 2: 0, 3: 0, 4: 0}",1
156,False,"{'a': 0.9, 'e': 0.61}",30,0,49.25112970103612,"{0: 30, 1: 0, 2: 0, 3: 0, 4: 0}",1
157,False,"{'a': 0.9, 'e': 0.6075}",20,8,20.762228481782895,"{0: 12, 1: 0, 2: 0, 3: 0, 4: 0}",1
158,False,"{'a': 0.9, 'e': 0.605}",25,14,20.339500496926657,"{0: 11, 1: 0, 2: 0, 3: 0, 4: 0}",1
159,False,"{'a': 0.9, 'e': 0.6025}",20,3,26.2802714700141,"{0: 17, 1: 0, 2: 0, 3: 0, 4: 0}",1
160,False,"{'a': 0.9, 'e': 0.6}",25,16,20.686867783933078,"{0: 9, 1: 0, 2: 0, 3: 0, 4: 0}",1
161,False,"{'a': 0.9, 'e': 0.5975}",25,5,36.56672457199007,"{0: 20, 1: 0, 2: 0, 3: 0, 4: 0}",1
162,False,"{'a': 0.9, 'e': 0.595}",20,0,31.23639718179031,"{0: 20, 1: 0, 2: 0, 3: 0, 4: 0}",0
163,False,"{'a': 0.9, 'e': 0.5925}",30,17,17.958560418243316,"{0: 13, 1: 0, 2: 0, 3: 0, 4: 0}",1
164,False,"{'a': 0.9, 'e': 0.59}",25,8,23.508389855982834,"{0: 17, 1: 0, 2: 0, 3: 0, 4: 0}",1
165,False,"{'a': 0.9, 'e': 0.5875}",25,2,-8.446692900260302,"{0: 22, 1: 0, 2: 0, 3: 0, 4: 1}",1
166,False,"{'a': 0.9, 'e': 0.585}",35,25,19.003307466845534,"{0: 10, 1: 0, 2: 0, 3: 0, 4: 0}",1
167,False,"{'a': 0.9, 'e': 0.5825}",20,13,10.824348575705352,"{0: 7, 1: 0, 2: 0, 3: 0, 4: 0}",1
168,False,"{'a': 0.9, 'e': 0.58}",20,0,31.08814650705705,"{0: 20, 1: 0, 2: 0, 3: 0, 4: 0}",1
169,False,"{'a': 0.9, 'e': 0.5775}",20,12,15.430623705519704,"{0: 8, 1: 0, 2: 0, 3: 0, 4: 0}",1
170,False,"{'a': 0.9, 'e': 0.575}",25,13,22.737188703312306,"{0: 12, 1: 0, 2: 0, 3: 0, 4: 0}",1
171,False,"{'a': 0.9, 'e': 0.5725}",25,2,40.061043311881775,"{0: 23, 1: 0, 2: 0, 3: 0, 4: 0}",1
172,False,"{'a': 0.9, 'e': 0.57}",20,16,5.99790353850653,"{0: 4, 1: 0, 2: 0, 3: 0, 4: 0}",1
173,False,"{'a': 0.9, 'e': 0.5675}",35,7,45.587901919047944,"{0: 28, 1: 0, 2: 0, 3: 0, 4: 0}",1
174,False,"{'a': 0.9, 'e': 0.565}",30,10,29.37665408798623,"{0: 20, 1: 0, 2: 0, 3: 0, 4: 0}",1
175,False,"{'a': 0.9, 'e': 0.5625}",20,8,20.58722067548155,"{0: 12, 1: 0, 2: 0, 3: 0, 4: 0}",1
176,False,"{'a': 0.9, 'e': 0.56}",25,15,17.497814042507922,"{0: 10, 1: 0, 2: 0, 3: 0, 4: 0}",1
177,False,"{'a': 0.9, 'e': 0.5575}",25,8,-8.812053950225524,"{0: 16, 1: 0, 2: 0, 3: 0, 4: 1}",1
178,False,"{'a': 0.9, 'e': 0.555}",20,3,27.147290977234302,"{0: 17, 1: 0, 2: 0, 3: 0, 4: 0}",1
179,False,"{'a': 0.9, 'e': 0.5525}",25,13,24.046195978348376,"{0: 12, 1: 0, 2: 0, 3: 0, 4: 0}",1
180,False,"{'a': 0.9, 'e': 0.55}",20,0,33.426912434541805,"{0: 20, 1: 0, 2: 0, 3: 0, 4: 0}",0
181,False,"{'a': 0.9, 'e': 0.5475}",20,10,20.282903159324633,"{0: 10, 1: 0, 2: 0, 3: 0, 4: 0}",1
182,False,"{'a': 0.9, 'e': 0.545}",25,18,9.807199199478076,"{0: 7, 1: 0, 2: 0, 3: 0, 4: 0}",1
183,False,"{'a': 0.9, 'e': 0.5425}",25,10,20.890481776422813,"{0: 15, 1: 0, 2: 0, 3: 0, 4: 0}",1
184,False,"{'a': 0.9, 'e': 0.54}",20,12,14.403679456421983,"{0: 8, 1: 0, 2: 0, 3: 0, 4: 0}",1
185,False,"{'a': 0.9, 'e': 0.5375}",20,0,32.84678703250297,"{0: 20, 1: 0, 2: 0, 3: 0, 4: 0}",0
186,False,"{'a': 0.9, 'e': 0.535}",30,13,25.83067630848669,"{0: 17, 1: 0, 2: 0, 3: 0, 4: 0}",1
187,False,"{'a': 0.9, 'e': 0.5325}",20,14,14.086409569481718,"{0: 6, 1: 0, 2: 0, 3: 0, 4: 0}",1
188,False,"{'a': 0.9, 'e': 0.53}",25,15,18.243257145997173,"{0: 10, 1: 0, 2: 0, 3: 0, 4: 0}",1
189,False,"{'a': 0.9, 'e': 0.5275}",20,3,29.30869547383691,"{0: 17, 1: 0, 2: 0, 3: 0, 4: 0}",1
190,False,"{'a': 0.9, 'e': 0.525}",20,0,33.64207398283698,"{0: 20, 1: 0, 2: 0, 3: 0, 4: 0}",0
191,False,"{'a': 0.9, 'e': 0.5225}",25,13,24.844634666350267,"{0: 12, 1: 0, 2: 0, 3: 0, 4: 0}",1
192,False,"{'a': 0.9, 'e': 0.52}",30,16,24.593765805913765,"{0: 14, 1: 0, 2: 0, 3: 0, 4: 0}",1
193,False,"{'a': 0.9, 'e': 0.5175}",20,0,35.249181304248765,"{0: 20, 1: 0, 2: 0, 3: 0, 4: 0}",0
194,False,"{'a': 0.9, 'e': 0.515}",25,11,23.509602305510708,"{0: 14, 1: 0, 2: 0, 3: 0, 4: 0}",1
195,False,"{'a': 0.9, 'e': 0.5125}",20,8,22.895899259249617,"{0: 12, 1: 0, 2: 0, 3: 0, 4: 0}",1
196,False,"{'a': 0.9, 'e': 0.51}",20,15,9.159546298076497,"{0: 5, 1: 0, 2: 0, 3: 0, 4: 0}",1
197,False,"{'a': 0.9, 'e': 0.5075}",20,10,16.893421719198916,"{0: 10, 1: 0, 2: 0, 3: 0, 4: 0}",1
198,False,"{'a': 0.9, 'e': 0.505}",20,7,25.811016135248433,"{0: 13, 1: 0, 2: 0, 3: 0, 4: 0}",1
199,False,"{'a': 0.9, 'e': 0.5025}",20,0,33.11581121718163,"{0: 20, 1: 0, 2: 0, 3: 0, 4: 0}",0
200,False,"{'a': 0.9, 'e': 0.5}",20,0,27.40870986837863,"{0: 20, 1: 0, 2: 0, 3: 0, 4: 0}",0
201,False,"{'a': 0.9, 'e': 0.4975}",25,14,21.86944573942052,"{0: 11, 1: 0, 2: 0, 3: 0, 4: 0}",1
202,False,"{'a': 0.9, 'e': 0.495}",20,6,28.563672277492913,"{0: 14, 1: 0, 2: 0, 3: 0, 4: 0}",1
203,False,"{'a': 0.9, 'e': 0.4925}",25,6,35.85711403664117,"{0: 19, 1: 0, 2: 0, 3: 0, 4: 0}",1
204,False,"{'a': 0.9, 'e': 0.49}",30,12,30.335625583387195,"{0: 18, 1: 0, 2: 0, 3: 0, 4: 0}",1
205,False,"{'a': 0.9, 'e': 0.4875}",20,12,13.75082079914102,"{0: 8, 1: 0, 2: 0, 3: 0, 4: 0}",1
206,False,"{'a': 0.9, 'e': 0.485}",30,19,20.798071226646787,"{0: 11, 1: 0, 2: 0, 3: 0, 4: 0}",1
207,False,"{'a': 0.9, 'e': 0.4825}",25,12,24.667499903438745,"{0: 13, 1: 0, 2: 0, 3: 0, 4: 0}",1
208,False,"{'a': 0.9, 'e': 0.48}",20,7,22.323019311147956,"{0: 13, 1: 0, 2: 0, 3: 0, 4: 0}",1
209,False,"{'a': 0.9, 'e': 0.4775}",30,5,40.57287106539622,"{0: 25, 1: 0, 2: 0, 3: 0, 4: 0}",1
210,False,"{'a': 0.9, 'e': 0.475}",20,9,-6.537759246048873,"{0: 10, 1: 0, 2: 0, 3: 1, 4: 0}",1
211,False,"{'a': 0.9, 'e': 0.4725}",20,8,22.911425607759863,"{0: 12, 1: 0, 2: 0, 3: 0, 4: 0}",1
212,False,"{'a': 0.9, 'e': 0.47}",20,10,18.27555614789263,"{0: 10, 1: 0, 2: 0, 3: 0, 4: 0}",1
213,False,"{'a': 0.9, 'e': 0.4675}",20,10,16.63905910546079,"{0: 10, 1: 0, 2: 0, 3: 0, 4: 0}",1
214,False,"{'a': 0.9, 'e': 0.465}",20,4,-13.722747833940966,"{0: 15, 1: 0, 2: 0, 3: 0, 4: 1}",1
215,False,"{'a': 0.9, 'e': 0.4625}",20,10,17.535390992049066,"{0: 10, 1: 0, 2: 0, 3: 0, 4: 0}",1
216,False,"{'a': 0.9, 'e': 0.46}",20,4,26.918657696745093,"{0: 16, 1: 0, 2: 0, 3: 0, 4: 0}",1
217,False,"{'a': 0.9, 'e': 0.4575}",25,16,17.860675705338046,"{0: 9, 1: 0, 2: 0, 3: 0, 4: 0}",1
218,False,"{'a': 0.9, 'e': 0.455}",20,9,19.160408578375765,"{0: 11, 1: 0, 2: 0, 3: 0, 4: 0}",1
219,False,"{'a': 0.9, 'e': 0.4525}",20,15,10.933251837296863,"{0: 5, 1: 0, 2: 0, 3: 0, 4: 0}",1
220,False,"{'a': 0.9, 'e': 0.45}",20,6,28.29754357999559,"{0: 14, 1: 0, 2: 0, 3: 0, 4: 0}",1
221,False,"{'a': 0.9, 'e': 0.4475}",25,9,33.683328571823736,"{0: 16, 1: 0, 2: 0, 3: 0, 4: 0}",1
222,False,"{'a': 0.9, 'e': 0.445}",25,13,25.073016274327305,"{0: 12, 1: 0, 2: 0, 3: 0, 4: 0}",1
223,False,"{'a': 0.9, 'e': 0.4425}",20,0,30.689990728752115,"{0: 20, 1: 0, 2: 0, 3: 0, 4: 0}",0
224,False,"{'a': 0.9, 'e': 0.44}",25,11,22.035690516250067,"{0: 14, 1: 0, 2: 0, 3: 0, 4: 0}",1
225,False,"{'a': 0.9, 'e': 0.4375}",25,0,34.59383633471806,"{0: 25, 1: 0, 2: 0, 3: 0, 4: 0}",0
226,False,"{'a': 0.9, 'e': 0.435}",20,13,13.551890109934249,"{0: 7, 1: 0, 2: 0, 3: 0, 4: 0}",1
227,False,"{'a': 0.9, 'e': 0.4325}",20,9,23.366518730089723,"{0: 11, 1: 0, 2: 0, 3: 0, 4: 0}",1
228,False,"{'a': 0.9, 'e': 0.43}",25,13,17.143036980533314,"{0: 12, 1: 0, 2: 0, 3: 0, 4: 0}",1
229,False,"{'a': 0.9, 'e': 0.4275}",25,15,18.03037637698501,"{0: 10, 1: 0, 2: 0, 3: 0, 4: 0}",1
230,False,"{'a': 0.9, 'e': 0.425}",20,6,26.6654452539752,"{0: 14, 1: 0, 2: 0, 3: 0, 4: 0}",1
231,False,"{'a': 0.9, 'e': 0.4225}",20,0,35.515406753039116,"{0: 20, 1: 0, 2: 0, 3: 0, 4: 0}",0
232,False,"{'a': 0.9, 'e': 0.42}",20,4,29.50412883774905,"{0: 16, 1: 0, 2: 0, 3: 0, 4: 0}",1
233,False,"{'a': 0.9, 'e': 0.4175}",20,9,23.52646172072563,"{0: 11, 1: 0, 2: 0, 3: 0, 4: 0}",1
234,False,"{'a': 0.9, 'e': 0.415}",25,11,26.119752322465803,"{0: 14, 1: 0, 2: 0, 3: 0, 4: 0}",1
235,False,"{'a': 0.9, 'e': 0.4125}",20,12,15.144656134816085,"{0: 8, 1: 0, 2: 0, 3: 0, 4: 0}",1
236,False,"{'a': 0.9, 'e': 0.41}",20,0,31.31729615161918,"{0: 20, 1: 0, 2: 0, 3: 0, 4: 0}",0
237,False,"{'a': 0.9, 'e': 0.4075}",25,12,19.85065119697454,"{0: 13, 1: 0, 2: 0, 3: 0, 4: 0}",1
238,False,"{'a': 0.9, 'e': 0.405}",25,0,40.51468510965972,"{0: 25, 1: 0, 2: 0, 3: 0, 4: 0}",0
239,False,"{'a': 0.9, 'e': 0.4025}",20,8,24.633606346941264,"{0: 12, 1: 0, 2: 0, 3: 0, 4: 0}",1
240,False,"{'a': 0.9, 'e': 0.4}",20,9,14.068861108680366,"{0: 11, 1: 0, 2: 0, 3: 0, 4: 0}",1
241,False,"{'a': 0.9, 'e': 0.3975}",25,18,14.75336671300721,"{0: 7, 1: 0, 2: 0, 3: 0, 4: 0}",1
242,False,"{'a': 0.9, 'e': 0.395}",25,12,22.1693408177638,"{0: 13, 1: 0, 2: 0, 3: 0, 4: 0}",1
243,False,"{'a': 0.9, 'e': 0.3925}",25,16,15.314182063972087,"{0: 9, 1: 0, 2: 0, 3: 0, 4: 0}",1
244,False,"{'a': 0.9, 'e': 0.39}",25,13,21.359066246858035,"{0: 12, 1: 0, 2: 0, 3: 0, 4: 0}",1
245,False,"{'a': 0.9, 'e': 0.3875}",25,8,24.40173056897419,"{0: 17, 1: 0, 2: 0, 3: 0, 4: 0}",1
246,False,"{'a': 0.9, 'e': 0.385}",30,20,19.84928151033892,"{0: 10, 1: 0, 2: 0, 3: 0, 4: 0}",1
247,False,"{'a': 0.9, 'e': 0.3825}",25,20,10.11476904422214,"{0: 5, 1: 0, 2: 0, 3: 0, 4: 0}",1
248,False,"{'a': 0.9, 'e': 0.38}",25,10,24.674248172540544,"{0: 15, 1: 0, 2: 0, 3: 0, 4: 0}",1
249,False,"{'a': 0.9, 'e': 0.3775}",20,0,24.299269865315317,"{0: 20, 1: 0, 2: 0, 3: 0, 4: 0}",0
250,False,"{'a': 0.9, 'e': 0.375}",20,16,8.101368053340877,"{0: 4, 1: 0, 2: 0, 3: 0, 4: 0}",1
251,False,"{'a': 0.9, 'e': 0.3725}",20,4,24.810696911324182,"{0: 16, 1: 0, 2: 0, 3: 0, 4: 0}",1
252,False,"{'a': 0.9, 'e': 0.37}",35,15,30.52088949736386,"{0: 20, 1: 0, 2: 0, 3: 0, 4: 0}",1
253,False,"{'a': 0.9, 'e': 0.3675}",20,1,30.296862056786317,"{0: 19, 1: 0, 2: 0, 3: 0, 4: 0}",1
254,False,"{'a': 0.9, 'e': 0.365}",25,7,32.452718125152614,"{0: 18, 1: 0, 2: 0, 3: 0, 4: 0}",1
255,False,"{'a': 0.9, 'e': 0.3625}",25,3,34.87230123055601,"{0: 22, 1: 0, 2: 0, 3: 0, 4: 0}",1
256,False,"{'a': 0.9, 'e': 0.36}",20,3,29.549362603340583,"{0: 17, 1: 0, 2: 0, 3: 0, 4: 0}",1
257,False,"{'a': 0.9, 'e': 0.3575}",25,7,31.482744930898047,"{0: 18, 1: 0, 2: 0, 3: 0, 4: 0}",1
258,False,"{'a': 0.9, 'e': 0.355}",35,16,35.27993363613173,"{0: 19, 1: 0, 2: 0, 3: 0, 4: 0}",1
259,False,"{'a': 0.9, 'e': 0.3525}",25,12,19.45168013062785,"{0: 13, 1: 0, 2: 0, 3: 0, 4: 0}",1
260,False,"{'a': 0.9, 'e': 0.35}",20,3,30.30937706951009,"{0: 17, 1: 0, 2: 0, 3: 0, 4: 0}",1
261,False,"{'a': 0.9, 'e': 0.3475}",20,10,21.312530449646605,"{0: 10, 1: 0, 2: 0, 3: 0, 4: 0}",1
262,False,"{'a': 0.9, 'e': 0.345}",25,14,19.299609272313383,"{0: 11, 1: 0, 2: 0, 3: 0, 4: 0}",1
263,False,"{'a': 0.9, 'e': 0.3425}",30,13,28.839354306536112,"{0: 17, 1: 0, 2: 0, 3: 0, 4: 0}",1
264,False,"{'a': 0.9, 'e': 0.34}",20,8,21.917009065280386,"{0: 12, 1: 0, 2: 0, 3: 0, 4: 0}",1
265,False,"{'a': 0.9, 'e': 0.3375}",20,12,14.788899215252187,"{0: 8, 1: 0, 2: 0, 3: 0, 4: 0}",1
266,False,"{'a': 0.9, 'e': 0.335}",20,4,25.600914770736306,"{0: 16, 1: 0, 2: 0, 3: 0, 4: 0}",1
267,False,"{'a': 0.9, 'e': 0.3325}",25,8,29.841195720243867,"{0: 17, 1: 0, 2: 0, 3: 0, 4: 0}",1
268,False,"{'a': 0.9, 'e': 0.33}",25,0,41.69143418741772,"{0: 25, 1: 0, 2: 0, 3: 0, 4: 0}",1
269,False,"{'a': 0.9, 'e': 0.3275}",30,0,48.08546345330167,"{0: 30, 1: 0, 2: 0, 3: 0, 4: 0}",0
270,False,"{'a': 0.9, 'e': 0.325}",20,1,27.86138487483248,"{0: 19, 1: 0, 2: 0, 3: 0, 4: 0}",1
271,False,"{'a': 0.9, 'e': 0.3225}",30,10,40.01702287326515,"{0: 20, 1: 0, 2: 0, 3: 0, 4: 0}",1
272,False,"{'a': 0.9, 'e': 0.32}",20,0,-0.22091987635753196,"{0: 19, 1: 0, 2: 0, 3: 1, 4: 0}",0
273,False,"{'a': 0.9, 'e': 0.3175}",20,11,16.69404995530478,"{0: 9, 1: 0, 2: 0, 3: 0, 4: 0}",1
274,False,"{'a': 0.9, 'e': 0.315}",20,12,14.785933299686535,"{0: 8, 1: 0, 2: 0, 3: 0, 4: 0}",1
275,False,"{'a': 0.9, 'e': 0.3125}",25,18,13.316000382117338,"{0: 7, 1: 0, 2: 0, 3: 0, 4: 0}",1
276,False,"{'a': 0.9, 'e': 0.31}",20,12,13.902288793190392,"{0: 8, 1: 0, 2: 0, 3: 0, 4: 0}",1
277,False,"{'a': 0.9, 'e': 0.3075}",30,13,33.36836231955754,"{0: 17, 1: 0, 2: 0, 3: 0, 4: 0}",1
278,False,"{'a': 0.9, 'e': 0.305}",25,12,18.996634335462957,"{0: 13, 1: 0, 2: 0, 3: 0, 4: 0}",1
279,False,"{'a': 0.9, 'e': 0.3025}",25,7,35.39978962421672,"{0: 18, 1: 0, 2: 0, 3: 0, 4: 0}",1
280,False,"{'a': 0.9, 'e': 0.3}",20,0,28.346870111437447,"{0: 20, 1: 0, 2: 0, 3: 0, 4: 0}",0
281,False,"{'a': 0.9, 'e': 0.2975}",25,14,22.970894044993415,"{0: 11, 1: 0, 2: 0, 3: 0, 4: 0}",1
282,False,"{'a': 0.9, 'e': 0.295}",20,6,25.27382189699232,"{0: 14, 1: 0, 2: 0, 3: 0, 4: 0}",1
283,False,"{'a': 0.9, 'e': 0.2925}",20,2,28.247893012703233,"{0: 18, 1: 0, 2: 0, 3: 0, 4: 0}",1
284,False,"{'a': 0.9, 'e': 0.29}",25,13,23.92949971343016,"{0: 12, 1: 0, 2: 0, 3: 0, 4: 0}",1
285,False,"{'a': 0.9, 'e': 0.2875}",30,21,17.423081169505142,"{0: 9, 1: 0, 2: 0, 3: 0, 4: 0}",1
286,False,"{'a': 0.9, 'e': 0.285}",20,9,21.5278401069676,"{0: 11, 1: 0, 2: 0, 3: 0, 4: 0}",1
287,False,"{'a': 0.9, 'e': 0.2825}",25,11,25.763631919153525,"{0: 14, 1: 0, 2: 0, 3: 0, 4: 0}",1
288,False,"{'a': 0.9, 'e': 0.28}",20,11,13.580774579298208,"{0: 9, 1: 0, 2: 0, 3: 0, 4: 0}",1
289,False,"{'a': 0.9, 'e': 0.2775}",25,0,44.184121015884294,"{0: 25, 1: 0, 2: 0, 3: 0, 4: 0}",0
290,False,"{'a': 0.9, 'e': 0.275}",25,18,12.198838304037258,"{0: 7, 1: 0, 2: 0, 3: 0, 4: 0}",1
291,False,"{'a': 0.9, 'e': 0.2725}",25,13,21.528190389232343,"{0: 12, 1: 0, 2: 0, 3: 0, 4: 0}",1
292,False,"{'a': 0.9, 'e': 0.27}",30,12,29.642561745527257,"{0: 18, 1: 0, 2: 0, 3: 0, 4: 0}",1
293,False,"{'a': 0.9, 'e': 0.2675}",20,10,16.390776701144024,"{0: 10, 1: 0, 2: 0, 3: 0, 4: 0}",1
294,False,"{'a': 0.9, 'e': 0.265}",25,15,21.256404878890898,"{0: 10, 1: 0, 2: 0, 3: 0, 4: 0}",1
295,False,"{'a': 0.9, 'e': 0.2625}",25,5,36.249146441046584,"{0: 20, 1: 0, 2: 0, 3: 0, 4: 0}",1
296,False,"{'a': 0.9, 'e': 0.26}",25,3,33.35515920012644,"{0: 22, 1: 0, 2: 0, 3: 0, 4: 0}",1
297,False,"{'a': 0.9, 'e': 0.2575}",25,14,21.765964156714567,"{0: 11, 1: 0, 2: 0, 3: 0, 4: 0}",1
298,False,"{'a': 0.9, 'e': 0.255}",20,13,10.173639427424503,"{0: 7, 1: 0, 2: 0, 3: 0, 4: 0}",1
299,False,"{'a': 0.9, 'e': 0.2525}",25,18,14.503341250092612,"{0: 7, 1: 0, 2: 0, 3: 0, 4: 0}",1
300,False,"{'a': 0.9, 'e': 0.25}",20,0,31.880592116772238,"{0: 20, 1: 0, 2: 0, 3: 0, 4: 0}",0
301,False,"{'a': 0.9, 'e': 0.2475}",25,11,26.91109554433375,"{0: 14, 1: 0, 2: 0, 3: 0, 4: 0}",1
302,False,"{'a': 0.9, 'e': 0.245}",25,11,25.58845341527265,"{0: 14, 1: 0, 2: 0, 3: 0, 4: 0}",1
303,False,"{'a': 0.9, 'e': 0.2425}",20,10,18.459557246598724,"{0: 10, 1: 0, 2: 0, 3: 0, 4: 0}",1
304,False,"{'a': 0.9, 'e': 0.24}",20,8,22.58708556511703,"{0: 12, 1: 0, 2: 0, 3: 0, 4: 0}",1
305,False,"{'a': 0.9, 'e': 0.2375}",20,12,15.17004722625428,"{0: 8, 1: 0, 2: 0, 3: 0, 4: 0}",1
306,False,"{'a': 0.9, 'e': 0.235}",20,11,16.442419369229974,"{0: 9, 1: 0, 2: 0, 3: 0, 4: 0}",1
307,False,"{'a': 0.9, 'e': 0.2325}",25,17,16.144914947164448,"{0: 8, 1: 0, 2: 0, 3: 0, 4: 0}",1
308,False,"{'a': 0.9, 'e': 0.23}",20,16,6.493682710004255,"{0: 4, 1: 0, 2: 0, 3: 0, 4: 0}",1
309,False,"{'a': 0.9, 'e': 0.2275}",25,5,35.31435375787057,"{0: 20, 1: 0, 2: 0, 3: 0, 4: 0}",1
310,False,"{'a': 0.9, 'e': 0.225}",30,12,33.47240679495065,"{0: 18, 1: 0, 2: 0, 3: 0, 4: 0}",1
311,False,"{'a': 0.9, 'e': 0.2225}",20,9,23.275699502898384,"{0: 11, 1: 0, 2: 0, 3: 0, 4: 0}",1
312,False,"{'a': 0.9, 'e': 0.22}",25,8,33.59441423470123,"{0: 17, 1: 0, 2: 0, 3: 0, 4: 0}",1
313,False,"{'a': 0.9, 'e': 0.2175}",20,10,18.17930370321514,"{0: 10, 1: 0, 2: 0, 3: 0, 4: 0}",1
314,False,"{'a': 0.9, 'e': 0.215}",20,0,33.564672921342336,"{0: 20, 1: 0, 2: 0, 3: 0, 4: 0}",0
315,False,"{'a': 0.9, 'e': 0.2125}",30,12,32.94068148747502,"{0: 18, 1: 0, 2: 0, 3: 0, 4: 0}",1
316,False,"{'a': 0.9, 'e': 0.21}",20,9,19.089365166220617,"{0: 11, 1: 0, 2: 0, 3: 0, 4: 0}",1
317,False,"{'a': 0.9, 'e': 0.2075}",20,4,27.283691707789,"{0: 16, 1: 0, 2: 0, 3: 0, 4: 0}",1
318,False,"{'a': 0.9, 'e': 0.205}",20,14,11.130201226673863,"{0: 6, 1: 0, 2: 0, 3: 0, 4: 0}",1
319,False,"{'a': 0.9, 'e': 0.2025}",30,18,21.51841320472668,"{0: 12, 1: 0, 2: 0, 3: 0, 4: 0}",1
320,False,"{'a': 0.9, 'e': 0.2}",20,13,12.059501818961557,"{0: 7, 1: 0, 2: 0, 3: 0, 4: 0}",1
321,False,"{'a': 0.9, 'e': 0.1975}",20,8,21.743428415739608,"{0: 12, 1: 0, 2: 0, 3: 0, 4: 0}",1
322,False,"{'a': 0.9, 'e': 0.195}",20,10,20.247610481065315,"{0: 10, 1: 0, 2: 0, 3: 0, 4: 0}",1
323,False,"{'a': 0.9, 'e': 0.1925}",35,22,23.30670838917748,"{0: 13, 1: 0, 2: 0, 3: 0, 4: 0}",1
324,False,"{'a': 0.9, 'e': 0.19}",25,12,24.709134105660798,"{0: 13, 1: 0, 2: 0, 3: 0, 4: 0}",1
325,False,"{'a': 0.9, 'e': 0.1875}",20,10,22.424702702437965,"{0: 10, 1: 0, 2: 0, 3: 0, 4: 0}",1
326,False,"{'a': 0.9, 'e': 0.185}",20,11,17.043110910560202,"{0: 9, 1: 0, 2: 0, 3: 0, 4: 0}",1
327,False,"{'a': 0.9, 'e': 0.1825}",20,10,18.61116340557677,"{0: 10, 1: 0, 2: 0, 3: 0, 4: 0}",1
328,False,"{'a': 0.9, 'e': 0.18}",25,19,11.392715732937893,"{0: 6, 1: 0, 2: 0, 3: 0, 4: 0}",1
329,False,"{'a': 0.9, 'e': 0.1775}",20,0,20.469809323840742,"{0: 20, 1: 0, 2: 0, 3: 0, 4: 0}",0
330,False,"{'a': 0.9, 'e': 0.175}",20,6,26.007606842685824,"{0: 14, 1: 0, 2: 0, 3: 0, 4: 0}",1
331,False,"{'a': 0.9, 'e': 0.1725}",25,11,26.86938856801107,"{0: 14, 1: 0, 2: 0, 3: 0, 4: 0}",1
332,False,"{'a': 0.9, 'e': 0.17}",35,21,25.516463381372652,"{0: 14, 1: 0, 2: 0, 3: 0, 4: 0}",1
333,False,"{'a': 0.9, 'e': 0.1675}",25,11,27.656454657580568,"{0: 14, 1: 0, 2: 0, 3: 0, 4: 0}",1
334,False,"{'a': 0.9, 'e': 0.165}",25,13,20.884838086632055,"{0: 12, 1: 0, 2: 0, 3: 0, 4: 0}",1
335,False,"{'a': 0.9, 'e': 0.1625}",20,14,11.926611805818968,"{0: 6, 1: 0, 2: 0, 3: 0, 4: 0}",1
336,False,"{'a': 0.9, 'e': 0.16}",25,7,31.049875475496357,"{0: 18, 1: 0, 2: 0, 3: 0, 4: 0}",1
337,False,"{'a': 0.9, 'e': 0.1575}",20,11,17.761850605975688,"{0: 9, 1: 0, 2: 0, 3: 0, 4: 0}",1
338,False,"{'a': 0.9, 'e': 0.155}",30,18,22.11800072350467,"{0: 12, 1: 0, 2: 0, 3: 0, 4: 0}",1
339,False,"{'a': 0.9, 'e': 0.1525}",30,19,15.88187576276337,"{0: 11, 1: 0, 2: 0, 3: 0, 4: 0}",1
340,False,"{'a': 0.9, 'e': 0.15}",30,19,21.126642458500193,"{0: 11, 1: 0, 2: 0, 3: 0, 4: 0}",1
341,False,"{'a': 0.9, 'e': 0.1475}",20,0,29.30524452679472,"{0: 20, 1: 0, 2: 0, 3: 0, 4: 0}",0
342,False,"{'a': 0.9, 'e': 0.145}",20,8,22.644831481089575,"{0: 12, 1: 0, 2: 0, 3: 0, 4: 0}",1
343,False,"{'a': 0.9, 'e': 0.1425}",30,12,29.39608730588482,"{0: 18, 1: 0, 2: 0, 3: 0, 4: 0}",1
344,False,"{'a': 0.9, 'e': 0.14}",25,15,18.697089295383,"{0: 10, 1: 0, 2: 0, 3: 0, 4: 0}",1
345,False,"{'a': 0.9, 'e': 0.1375}",25,18,11.155158361081378,"{0: 7, 1: 0, 2: 0, 3: 0, 4: 0}",1
346,False,"{'a': 0.9, 'e': 0.135}",35,18,33.97222142260233,"{0: 17, 1: 0, 2: 0, 3: 0, 4: 0}",1
347,False,"{'a': 0.9, 'e': 0.1325}",25,9,26.260179719821384,"{0: 16, 1: 0, 2: 0, 3: 0, 4: 0}",1
348,False,"{'a': 0.9, 'e': 0.13}",25,8,27.419816211379526,"{0: 17, 1: 0, 2: 0, 3: 0, 4: 0}",1
349,False,"{'a': 0.9, 'e': 0.1275}",25,12,25.980868825002673,"{0: 13, 1: 0, 2: 0, 3: 0, 4: 0}",1
350,False,"{'a': 0.9, 'e': 0.125}",25,13,20.10051018331245,"{0: 12, 1: 0, 2: 0, 3: 0, 4: 0}",1
351,False,"{'a': 0.9, 'e': 0.1225}",25,6,39.89797612718548,"{0: 19, 1: 0, 2: 0, 3: 0, 4: 0}",1
352,False,"{'a': 0.9, 'e': 0.12}",25,13,20.404740709968458,"{0: 12, 1: 0, 2: 0, 3: 0, 4: 0}",1
353,False,"{'a': 0.9, 'e': 0.1175}",20,8,22.23541913766271,"{0: 12, 1: 0, 2: 0, 3: 0, 4: 0}",1
354,False,"{'a': 0.9, 'e': 0.115}",20,12,15.362055191562572,"{0: 8, 1: 0, 2: 0, 3: 0, 4: 0}",1
355,False,"{'a': 0.9, 'e': 0.1125}",20,5,24.82533856217082,"{0: 15, 1: 0, 2: 0, 3: 0, 4: 0}",1
356,False,"{'a': 0.9, 'e': 0.11}",30,13,32.24809689003117,"{0: 17, 1: 0, 2: 0, 3: 0, 4: 0}",1
357,False,"{'a': 0.9, 'e': 0.1075}",20,12,16.68576107408783,"{0: 8, 1: 0, 2: 0, 3: 0, 4: 0}",1
358,False,"{'a': 0.9, 'e': 0.105}",20,11,19.728077577208314,"{0: 9, 1: 0, 2: 0, 3: 0, 4: 0}",1
359,False,"{'a': 0.9, 'e': 0.1025}",25,15,18.940305101755293,"{0: 10, 1: 0, 2: 0, 3: 0, 4: 0}",1
360,False,"{'a': 0.9, 'e': 0.1}",25,11,21.599021838936302,"{0: 14, 1: 0, 2: 0, 3: 0, 4: 0}",1
361,False,"{'a': 0.9, 'e': 0.0975}",20,10,20.25035164601739,"{0: 10, 1: 0, 2: 0, 3: 0, 4: 0}",1
362,False,"{'a': 0.9, 'e': 0.095}",20,9,20.665489496947004,"{0: 11, 1: 0, 2: 0, 3: 0, 4: 0}",1
363,False,"{'a': 0.9, 'e': 0.0925}",30,22,14.981157774507306,"{0: 8, 1: 0, 2: 0, 3: 0, 4: 0}",1
364,False,"{'a': 0.9, 'e': 0.09}",20,9,21.89867817022604,"{0: 11, 1: 0, 2: 0, 3: 0, 4: 0}",1
365,False,"{'a': 0.9, 'e': 0.0875}",20,13,11.467752029251326,"{0: 7, 1: 0, 2: 0, 3: 0, 4: 0}",1
366,False,"{'a': 0.9, 'e': 0.085}",30,13,27.949937763196406,"{0: 17, 1: 0, 2: 0, 3: 0, 4: 0}",1
367,False,"{'a': 0.9, 'e': 0.0825}",30,17,22.961199244166142,"{0: 13, 1: 0, 2: 0, 3: 0, 4: 0}",1
368,False,"{'a': 0.9, 'e': 0.08}",25,13,26.279336620649644,"{0: 12, 1: 0, 2: 0, 3: 0, 4: 0}",1
369,False,"{'a': 0.9, 'e': 0.0775}",30,1,43.152425186166376,"{0: 29, 1: 0, 2: 0, 3: 0, 4: 0}",1
370,False,"{'a': 0.9, 'e': 0.075}",25,7,29.49182101452824,"{0: 18, 1: 0, 2: 0, 3: 0, 4: 0}",1
371,False,"{'a': 0.9, 'e': 0.0725}",20,13,15.644589555386027,"{0: 7, 1: 0, 2: 0, 3: 0, 4: 0}",1
372,False,"{'a': 0.9, 'e': 0.07}",25,18,12.14347560559358,"{0: 7, 1: 0, 2: 0, 3: 0, 4: 0}",1
373,False,"{'a': 0.9, 'e': 0.0675}",20,0,33.00558108107233,"{0: 20, 1: 0, 2: 0, 3: 0, 4: 0}",1
374,False,"{'a': 0.9, 'e': 0.065}",20,10,19.97692913130012,"{0: 10, 1: 0, 2: 0, 3: 0, 4: 0}",1
375,False,"{'a': 0.9, 'e': 0.0625}",20,10,16.12200264228261,"{0: 10, 1: 0, 2: 0, 3: 0, 4: 0}",1
376,False,"{'a': 0.9, 'e': 0.06}",20,10,21.411823785026463,"{0: 10, 1: 0, 2: 0, 3: 0, 4: 0}",1
377,False,"{'a': 0.9, 'e': 0.0575}",20,11,15.165192719060993,"{0: 9, 1: 0, 2: 0, 3: 0, 4: 0}",1
378,False,"{'a': 0.9, 'e': 0.055}",25,20,9.949223165687743,"{0: 5, 1: 0, 2: 0, 3: 0, 4: 0}",1
379,False,"{'a': 0.9, 'e': 0.0525}",20,10,18.242429854605533,"{0: 10, 1: 0, 2: 0, 3: 0, 4: 0}",1
380,False,"{'a': 0.9, 'e': 0.05}",20,12,16.050331943858964,"{0: 8, 1: 0, 2: 0, 3: 0, 4: 0}",1
381,False,"{'a': 0.9, 'e': 0.0475}",30,21,16.221480748094105,"{0: 9, 1: 0, 2: 0, 3: 0, 4: 0}",1
382,False,"{'a': 0.9, 'e': 0.045}",20,12,16.091116319171885,"{0: 8, 1: 0, 2: 0, 3: 0, 4: 0}",1
383,False,"{'a': 0.9, 'e': 0.0425}",20,9,18.582315103298235,"{0: 11, 1: 0, 2: 0, 3: 0, 4: 0}",1
384,False,"{'a': 0.9, 'e': 0.04}",30,23,15.033765231002036,"{0: 7, 1: 0, 2: 0, 3: 0, 4: 0}",1
385,False,"{'a': 0.9, 'e': 0.0375}",25,15,21.103439411419238,"{0: 10, 1: 0, 2: 0, 3: 0, 4: 0}",1
386,False,"{'a': 0.9, 'e': 0.035}",25,12,22.606164082324096,"{0: 13, 1: 0, 2: 0, 3: 0, 4: 0}",1
387,False,"{'a': 0.9, 'e': 0.0325}",20,15,9.20014835962533,"{0: 5, 1: 0, 2: 0, 3: 0, 4: 0}",1
388,False,"{'a': 0.9, 'e': 0.03}",30,12,29.582907773310925,"{0: 18, 1: 0, 2: 0, 3: 0, 4: 0}",1
389,False,"{'a': 0.9, 'e': 0.0275}",20,12,15.836427770405933,"{0: 8, 1: 0, 2: 0, 3: 0, 4: 0}",1
390,False,"{'a': 0.9, 'e': 0.025}",20,12,15.584917335640789,"{0: 8, 1: 0, 2: 0, 3: 0, 4: 0}",1
391,False,"{'a': 0.9, 'e': 0.0225}",20,13,12.923725067585778,"{0: 7, 1: 0, 2: 0, 3: 0, 4: 0}",1
392,False,"{'a': 0.9, 'e': 0.02}",20,6,25.13260943963615,"{0: 14, 1: 0, 2: 0, 3: 0, 4: 0}",1
393,False,"{'a': 0.9, 'e': 0.0175}",35,25,19.515110357553844,"{0: 10, 1: 0, 2: 0, 3: 0, 4: 0}",1
394,False,"{'a': 0.9, 'e': 0.015}",25,11,29.189206972028956,"{0: 14, 1: 0, 2: 0, 3: 0, 4: 0}",1
395,False,"{'a': 0.9, 'e': 0.0125}",20,13,14.326401932922575,"{0: 7, 1: 0, 2: 0, 3: 0, 4: 0}",1
396,False,"{'a': 0.9, 'e': 0.01}",20,0,32.798510416227565,"{0: 20, 1: 0, 2: 0, 3: 0, 4: 0}",0
397,False,"{'a': 0.9, 'e': 0.0075}",25,13,23.892686858800513,"{0: 12, 1: 0, 2: 0, 3: 0, 4: 0}",1
398,False,"{'a': 0.9, 'e': 0.005}",25,10,28.194261816469155,"{0: 15, 1: 0, 2: 0, 3: 0, 4: 0}",1
399,False,"{'a': 0.9, 'e': 0.0025}",20,8,23.672203657627463,"{0: 12, 1: 0, 2: 0, 3: 0, 4: 0}",1
400,False,"{'a': 0.9, 'e': 0.0}",30,22,15.338332048992918,"{0: 8, 1: 0, 2: 0, 3: 0, 4: 0}",1
1,True,"{'a': 0.0, 'e': 0.0}",25,10,27.018829334041683,"{0: 15, 1: 0, 2: 0, 3: 0, 4: 0}",1
2,True,"{'a': 0.0, 'e': 0.0}",25,8,32.180138336774455,"{0: 17, 1: 0, 2: 0, 3: 0, 4: 0}",1
3,True,"{'a': 0.0, 'e': 0.0}",25,15,22.107844849687243,"{0: 10, 1: 0, 2: 0, 3: 0, 4: 0}",1
4,True,"{'a': 0.0, 'e': 0.0}",30,13,33.30474786188752,"{0: 17, 1: 0, 2: 0, 3: 0, 4: 0}",1
5,True,"{'a': 0.0, 'e': 0.0}",20,10,19.505404718217807,"{0: 10, 1: 0, 2: 0, 3: 0, 4: 0}",1
6,True,"{'a': 0.0, 'e': 0.0}",20,13,14.803429440634329,"{0: 7, 1: 0, 2: 0, 3: 0, 4: 0}",1
7,True,"{'a': 0.0, 'e': 0.0}",20,12,16.192682725677436,"{0: 8, 1: 0, 2: 0, 3: 0, 4: 0}",1
8,True,"{'a': 0.0, 'e': 0.0}",30,20,15.619874532663722,"{0: 10, 1: 0, 2: 0, 3: 0, 4: 0}",1
9,True,"{'a': 0.0, 'e': 0.0}",20,9,21.26045589374842,"{0: 11, 1: 0, 2: 0, 3: 0, 4: 0}",1
10,True,"{'a': 0.0, 'e': 0.0}",25,10,24.277767635349637,"{0: 15, 1: 0, 2: 0, 3: 0, 4: 0}",1
11,True,"{'a': 0.0, 'e': 0.0}",25,16,17.933505562242647,"{0: 9, 1: 0, 2: 0, 3: 0, 4: 0}",1
12,True,"{'a': 0.0, 'e': 0.0}",20,13,11.64623604423913,"{0: 7, 1: 0, 2: 0, 3: 0, 4: 0}",1
13,True,"{'a': 0.0, 'e': 0.0}",25,19,11.015193383384826,"{0: 6, 1: 0, 2: 0, 3: 0, 4: 0}",1
14,True,"{'a': 0.0, 'e': 0.0}",30,23,13.556330435484705,"{0: 7, 1: 0, 2: 0, 3: 0, 4: 0}",1
15,True,"{'a': 0.0, 'e': 0.0}",20,11,14.396886359296424,"{0: 9, 1: 0, 2: 0, 3: 0, 4: 0}",1
16,True,"{'a': 0.0, 'e': 0.0}",25,17,19.124093058728732,"{0: 8, 1: 0, 2: 0, 3: 0, 4: 0}",1
17,True,"{'a': 0.0, 'e': 0.0}",20,14,10.20323949047164,"{0: 6, 1: 0, 2: 0, 3: 0, 4: 0}",1
18,True,"{'a': 0.0, 'e': 0.0}",35,22,24.198358300867614,"{0: 13, 1: 0, 2: 0, 3: 0, 4: 0}",1
19,True,"{'a': 0.0, 'e': 0.0}",25,10,24.6972174401094,"{0: 15, 1: 0, 2: 0, 3: 0, 4: 0}",1
20,True,"{'a': 0.0, 'e': 0.0}",20,11,18.480174476772465,"{0: 9, 1: 0, 2: 0, 3: 0, 4: 0}",1
